BusinessEntityID,NationalIDNumber,LoginID,JobTitle,BirthDate,Gender,HireDate,VacationHours,SickLeaveHours,Name,GroupName,Name,StartTime,EndTime,StartDate,EndDate,ModifiedDate
1,295847284,adventure-works\ken0,Chief Executive Officer,1963-03-02,M,2003-02-15,99,69,Executive,Executive General and Administration,Day,07:00:00.0000000,15:00:00.0000000,2003-02-15,NULL,2003-02-14 00:00:00.000
2,245797967,adventure-works\terri0,Vice President of Engineering,1965-09-01,F,2002-03-03,1,20,Engineering,Research and Development,Day,07:00:00.0000000,15:00:00.0000000,2002-03-03,NULL,2002-03-02 00:00:00.000
3,509647174,adventure-works\roberto0,Engineering Manager,1968-12-13,M,2001-12-12,2,21,Engineering,Research and Development,Day,07:00:00.0000000,15:00:00.0000000,2001-12-12,NULL,2001-12-11 00:00:00.000
4,112457891,adventure-works\rob0,Senior Tool Designer,1969-01-23,M,2002-01-05,48,80,Engineering,Research and Development,Day,07:00:00.0000000,15:00:00.0000000,2002-01-05,2004-06-30,2004-06-28 00:00:00.000
4,112457891,adventure-works\rob0,Senior Tool Designer,1969-01-23,M,2002-01-05,48,80,Tool Design,Research and Development,Day,07:00:00.0000000,15:00:00.0000000,2004-07-01,NULL,2004-06-30 00:00:00.000
5,695256908,adventure-works\gail0,Design Engineer,1946-10-29,F,2002-02-06,5,22,Engineering,Research and Development,Day,07:00:00.0000000,15:00:00.0000000,2002-02-06,NULL,2002-02-05 00:00:00.000
6,998320692,adventure-works\jossef0,Design Engineer,1953-04-11,M,2002-02-24,6,23,Engineering,Research and Development,Day,07:00:00.0000000,15:00:00.0000000,2002-02-24,NULL,2002-02-23 00:00:00.000
7,134969118,adventure-works\dylan0,Research and Development Manager,1981-03-27,M,2003-03-12,61,50,Research and Development,Research and Development,Day,07:00:00.0000000,15:00:00.0000000,2003-03-12,NULL,2003-03-11 00:00:00.000
8,811994146,adventure-works\diane1,Research and Development Engineer,1980-07-06,F,2003-01-30,62,51,Research and Development,Research and Development,Day,07:00:00.0000000,15:00:00.0000000,2003-01-30,NULL,2003-01-29 00:00:00.000
9,658797903,adventure-works\gigi0,Research and Development Engineer,1973-02-21,F,2003-02-17,63,51,Research and Development,Research and Development,Day,07:00:00.0000000,15:00:00.0000000,2003-02-17,NULL,2003-02-16 00:00:00.000
10,879342154,adventure-works\michael6,Research and Development Manager,1979-01-01,M,2003-06-04,16,64,Research and Development,Research and Development,Day,07:00:00.0000000,15:00:00.0000000,2003-06-04,NULL,2003-06-03 00:00:00.000
11,974026903,adventure-works\ovidiu0,Senior Tool Designer,1972-02-18,M,2005-01-05,7,23,Tool Design,Research and Development,Day,07:00:00.0000000,15:00:00.0000000,2005-01-05,NULL,2005-01-04 00:00:00.000
12,480168528,adventure-works\thierry0,Tool Designer,1953-08-29,M,2002-01-11,9,24,Tool Design,Research and Development,Day,07:00:00.0000000,15:00:00.0000000,2002-01-11,NULL,2002-01-10 00:00:00.000
13,486228782,adventure-works\janice0,Tool Designer,1983-06-29,F,2005-01-23,8,24,Tool Design,Research and Development,Day,07:00:00.0000000,15:00:00.0000000,2005-01-23,NULL,2005-01-22 00:00:00.000
14,42487730,adventure-works\michael8,Senior Design Engineer,1973-07-17,M,2005-01-30,3,21,Engineering,Research and Development,Day,07:00:00.0000000,15:00:00.0000000,2005-01-30,NULL,2005-01-29 00:00:00.000
15,56920285,adventure-works\sharon0,Design Engineer,1955-06-03,F,2005-02-18,4,22,Engineering,Research and Development,Day,07:00:00.0000000,15:00:00.0000000,2005-02-18,NULL,2005-02-17 00:00:00.000
16,24756624,adventure-works\david0,Marketing Manager,1969-04-19,M,2002-01-20,40,40,Purchasing,Inventory Management,Day,07:00:00.0000000,15:00:00.0000000,2002-01-20,2003-08-15,2003-08-13 00:00:00.000
16,24756624,adventure-works\david0,Marketing Manager,1969-04-19,M,2002-01-20,40,40,Marketing,Sales and Marketing,Day,07:00:00.0000000,15:00:00.0000000,2003-08-16,NULL,2003-08-15 00:00:00.000
17,253022876,adventure-works\kevin0,Marketing Assistant,1981-06-03,M,2001-02-26,42,41,Marketing,Sales and Marketing,Day,07:00:00.0000000,15:00:00.0000000,2001-02-26,NULL,2001-02-25 00:00:00.000
18,222969461,adventure-works\john5,Marketing Specialist,1972-04-06,M,2005-03-10,48,44,Marketing,Sales and Marketing,Day,07:00:00.0000000,15:00:00.0000000,2005-03-10,NULL,2005-03-09 00:00:00.000
19,52541318,adventure-works\mary2,Marketing Assistant,1972-03-01,F,2005-03-17,43,41,Marketing,Sales and Marketing,Day,07:00:00.0000000,15:00:00.0000000,2005-03-17,NULL,2005-03-16 00:00:00.000
20,323403273,adventure-works\wanida0,Marketing Assistant,1969-04-17,F,2005-02-07,41,40,Marketing,Sales and Marketing,Day,07:00:00.0000000,15:00:00.0000000,2005-02-07,NULL,2005-02-06 00:00:00.000
21,243322160,adventure-works\terry0,Marketing Specialist,1980-03-07,M,2003-04-03,44,42,Marketing,Sales and Marketing,Day,07:00:00.0000000,15:00:00.0000000,2003-04-03,NULL,2003-04-02 00:00:00.000
22,95958330,adventure-works\sariya0,Marketing Specialist,1981-06-21,M,2003-01-13,45,42,Marketing,Sales and Marketing,Day,07:00:00.0000000,15:00:00.0000000,2003-01-13,NULL,2003-01-12 00:00:00.000
23,767955365,adventure-works\mary0,Marketing Specialist,1956-10-14,F,2003-02-13,46,43,Marketing,Sales and Marketing,Day,07:00:00.0000000,15:00:00.0000000,2003-02-13,NULL,2003-02-12 00:00:00.000
24,72636981,adventure-works\jill0,Marketing Specialist,1973-07-19,F,2003-02-19,47,43,Marketing,Sales and Marketing,Day,07:00:00.0000000,15:00:00.0000000,2003-02-19,NULL,2003-02-18 00:00:00.000
25,519899904,adventure-works\james1,Vice President of Production,1977-02-07,M,2003-03-07,64,52,Production,Manufacturing,Day,07:00:00.0000000,15:00:00.0000000,2003-03-07,NULL,2003-03-06 00:00:00.000
26,277173473,adventure-works\peter0,Production Control Manager,1976-12-04,M,2003-01-02,43,41,Production Control,Manufacturing,Day,07:00:00.0000000,15:00:00.0000000,2003-01-02,NULL,2003-01-01 00:00:00.000
27,446466105,adventure-works\jo0,Production Supervisor - WC60,1950-11-09,F,2002-03-30,80,60,Production,Manufacturing,Day,07:00:00.0000000,15:00:00.0000000,2002-03-30,NULL,2002-03-29 00:00:00.000
28,14417807,adventure-works\guy1,Production Technician - WC60,1976-05-15,M,2000-07-31,21,30,Production,Manufacturing,Day,07:00:00.0000000,15:00:00.0000000,2000-07-31,NULL,2000-07-30 00:00:00.000
29,948320468,adventure-works\mark1,Production Technician - WC60,1973-10-26,M,2003-02-24,19,29,Production,Manufacturing,Day,07:00:00.0000000,15:00:00.0000000,2003-02-24,NULL,2003-02-23 00:00:00.000
30,410742000,adventure-works\britta0,Production Technician - WC60,1983-10-30,F,2003-03-02,14,27,Production,Manufacturing,Day,07:00:00.0000000,15:00:00.0000000,2003-03-02,NULL,2003-03-01 00:00:00.000
31,750246141,adventure-works\margie0,Production Technician - WC60,1980-06-20,F,2003-02-05,18,29,Production,Manufacturing,Day,07:00:00.0000000,15:00:00.0000000,2003-02-05,NULL,2003-02-04 00:00:00.000
32,330211482,adventure-works\rebecca0,Production Technician - WC60,1971-08-11,F,2003-01-30,23,31,Production,Manufacturing,Day,07:00:00.0000000,15:00:00.0000000,2003-01-30,NULL,2003-01-29 00:00:00.000
33,801758002,adventure-works\annik0,Production Technician - WC60,1971-01-27,M,2003-01-18,17,28,Production,Manufacturing,Day,07:00:00.0000000,15:00:00.0000000,2003-01-18,NULL,2003-01-17 00:00:00.000
34,754372876,adventure-works\suchitra0,Production Technician - WC60,1981-07-11,F,2003-03-20,15,27,Production,Manufacturing,Day,07:00:00.0000000,15:00:00.0000000,2003-03-20,NULL,2003-03-19 00:00:00.000
35,999440576,adventure-works\brandon0,Production Technician - WC60,1971-02-11,M,2003-03-12,22,31,Production,Manufacturing,Day,07:00:00.0000000,15:00:00.0000000,2003-03-12,NULL,2003-03-11 00:00:00.000
36,788456780,adventure-works\jose0,Production Technician - WC60,1978-09-01,M,2003-03-14,20,30,Production,Manufacturing,Day,07:00:00.0000000,15:00:00.0000000,2003-03-14,NULL,2003-03-13 00:00:00.000
37,442121106,adventure-works\chris2,Production Technician - WC60,1980-09-07,M,2003-04-08,16,28,Production,Manufacturing,Day,07:00:00.0000000,15:00:00.0000000,2003-04-08,NULL,2003-04-07 00:00:00.000
38,6298838,adventure-works\kim1,Production Technician - WC60,1961-01-14,F,2004-02-17,24,32,Production,Manufacturing,Day,07:00:00.0000000,15:00:00.0000000,2004-02-17,NULL,2004-02-16 00:00:00.000
39,461786517,adventure-works\ed0,Production Technician - WC60,1965-10-12,M,2004-03-08,25,32,Production,Manufacturing,Day,07:00:00.0000000,15:00:00.0000000,2004-03-08,NULL,2004-03-07 00:00:00.000
40,309738752,adventure-works\jolynn0,Production Supervisor - WC60,1950-02-16,F,2002-01-26,82,61,Production,Manufacturing,Night,23:00:00.0000000,07:00:00.0000000,2002-01-26,NULL,2002-01-25 00:00:00.000
41,458159238,adventure-works\bryan0,Production Technician - WC60,1967-09-28,M,2003-02-22,35,37,Production,Manufacturing,Night,23:00:00.0000000,07:00:00.0000000,2003-02-22,NULL,2003-02-21 00:00:00.000
42,339712426,adventure-works\james0,Production Technician - WC60,1978-08-26,M,2003-01-28,39,39,Production,Manufacturing,Night,23:00:00.0000000,07:00:00.0000000,2003-01-28,NULL,2003-01-27 00:00:00.000
43,693325305,adventure-works\nancy0,Production Technician - WC60,1982-12-21,F,2003-02-03,34,37,Production,Manufacturing,Night,23:00:00.0000000,07:00:00.0000000,2003-02-03,NULL,2003-02-02 00:00:00.000
44,276751903,adventure-works\simon0,Production Technician - WC60,1984-06-17,M,2003-01-09,38,39,Production,Manufacturing,Night,23:00:00.0000000,07:00:00.0000000,2003-01-09,NULL,2003-01-08 00:00:00.000
45,500412746,adventure-works\thomas0,Production Technician - WC60,1980-02-11,M,2003-03-30,37,38,Production,Manufacturing,Night,23:00:00.0000000,07:00:00.0000000,2003-03-30,NULL,2003-03-29 00:00:00.000
46,66073987,adventure-works\eugene1,Production Technician - WC60,1970-03-13,M,2003-03-12,36,38,Production,Manufacturing,Night,23:00:00.0000000,07:00:00.0000000,2003-03-12,NULL,2003-03-11 00:00:00.000
47,33237992,adventure-works\andrew0,Production Supervisor - WC10,1982-10-08,M,2003-03-26,65,52,Production,Manufacturing,Day,07:00:00.0000000,15:00:00.0000000,2003-03-26,NULL,2003-03-25 00:00:00.000
48,690627818,adventure-works\ruth0,Production Technician - WC10,1950-07-06,F,2002-02-06,83,61,Production,Manufacturing,Day,07:00:00.0000000,15:00:00.0000000,2002-02-06,NULL,2002-02-05 00:00:00.000
49,912265825,adventure-works\barry0,Production Technician - WC10,1950-04-27,M,2002-02-07,88,64,Production,Manufacturing,Day,07:00:00.0000000,15:00:00.0000000,2002-02-07,NULL,2002-02-06 00:00:00.000
50,844973625,adventure-works\sidney0,Production Technician - WC10,1950-10-01,M,2002-03-05,84,62,Production,Manufacturing,Day,07:00:00.0000000,15:00:00.0000000,2002-03-05,NULL,2002-03-04 00:00:00.000
51,132674823,adventure-works\jeffrey0,Production Technician - WC10,1950-08-12,M,2002-03-23,85,62,Production,Manufacturing,Day,07:00:00.0000000,15:00:00.0000000,2002-03-23,NULL,2002-03-22 00:00:00.000
52,565090917,adventure-works\doris0,Production Technician - WC10,1950-05-06,F,2002-04-11,86,63,Production,Manufacturing,Day,07:00:00.0000000,15:00:00.0000000,2002-04-11,NULL,2002-04-10 00:00:00.000
53,9659517,adventure-works\diane0,Production Technician - WC10,1950-04-30,F,2002-04-29,87,63,Production,Manufacturing,Day,07:00:00.0000000,15:00:00.0000000,2002-04-29,NULL,2002-04-28 00:00:00.000
54,109272464,adventure-works\bonnie0,Production Technician - WC10,1980-10-11,F,2004-02-02,89,64,Production,Manufacturing,Day,07:00:00.0000000,15:00:00.0000000,2004-02-02,NULL,2004-02-01 00:00:00.000
55,233069302,adventure-works\taylor0,Production Supervisor - WC50,1950-05-03,M,2002-03-11,79,59,Production,Manufacturing,Night,23:00:00.0000000,07:00:00.0000000,2002-03-11,NULL,2002-03-10 00:00:00.000
56,652535724,adventure-works\denise0,Production Technician - WC50,1982-08-07,F,2003-03-09,9,24,Production,Manufacturing,Night,23:00:00.0000000,07:00:00.0000000,2003-03-09,NULL,2003-03-08 00:00:00.000
57,10708100,adventure-works\frank1,Production Technician - WC50,1965-08-24,M,2003-03-27,10,25,Production,Manufacturing,Night,23:00:00.0000000,07:00:00.0000000,2003-03-27,NULL,2003-03-26 00:00:00.000
58,571658797,adventure-works\kendall0,Production Technician - WC50,1980-06-30,M,2003-01-06,11,25,Production,Manufacturing,Night,23:00:00.0000000,07:00:00.0000000,2003-01-06,NULL,2003-01-05 00:00:00.000
59,843479922,adventure-works\bob0,Production Technician - WC50,1973-09-16,M,2003-01-25,12,26,Production,Manufacturing,Night,23:00:00.0000000,07:00:00.0000000,2003-01-25,NULL,2003-01-24 00:00:00.000
60,827686041,adventure-works\pete0,Production Technician - WC50,1971-03-07,M,2003-02-12,13,26,Production,Manufacturing,Night,23:00:00.0000000,07:00:00.0000000,2003-02-12,NULL,2003-02-11 00:00:00.000
61,92096924,adventure-works\diane2,Production Technician - WC50,1983-09-10,F,2003-02-19,8,24,Production,Manufacturing,Night,23:00:00.0000000,07:00:00.0000000,2003-02-19,NULL,2003-02-18 00:00:00.000
62,494170342,adventure-works\john0,Production Supervisor - WC60,1950-09-08,M,2002-04-18,81,60,Production,Manufacturing,Evening,15:00:00.0000000,23:00:00.0000000,2002-04-18,NULL,2002-04-17 00:00:00.000
63,414476027,adventure-works\maciej0,Production Technician - WC60,1949-03-02,M,2004-03-01,30,35,Production,Manufacturing,Evening,15:00:00.0000000,23:00:00.0000000,2004-03-01,NULL,2004-02-29 00:00:00.000
64,582347317,adventure-works\michael7,Production Technician - WC60,1967-10-07,M,2004-03-26,26,33,Production,Manufacturing,Evening,15:00:00.0000000,23:00:00.0000000,2004-03-26,NULL,2004-03-25 00:00:00.000
65,8066363,adventure-works\randy0,Production Technician - WC60,1964-05-29,M,2004-03-26,29,34,Production,Manufacturing,Evening,15:00:00.0000000,23:00:00.0000000,2004-03-26,NULL,2004-03-25 00:00:00.000
66,834186596,adventure-works\karan0,Production Technician - WC60,1964-04-07,M,2004-01-23,28,34,Production,Manufacturing,Evening,15:00:00.0000000,23:00:00.0000000,2004-01-23,NULL,2004-01-22 00:00:00.000
67,63179277,adventure-works\jay0,Production Technician - WC60,1970-03-14,M,2003-04-06,32,36,Production,Manufacturing,Evening,15:00:00.0000000,23:00:00.0000000,2003-04-06,NULL,2003-04-05 00:00:00.000
68,537092325,adventure-works\charles0,Production Technician - WC60,1965-10-03,M,2004-01-04,27,33,Production,Manufacturing,Evening,15:00:00.0000000,23:00:00.0000000,2004-01-04,NULL,2004-01-03 00:00:00.000
69,752513276,adventure-works\steve0,Production Technician - WC60,1985-05-07,M,2003-03-19,31,35,Production,Manufacturing,Evening,15:00:00.0000000,23:00:00.0000000,2003-03-19,NULL,2003-03-18 00:00:00.000
70,36151748,adventure-works\david2,Production Technician - WC60,1979-01-30,M,2003-01-16,33,36,Production,Manufacturing,Evening,15:00:00.0000000,23:00:00.0000000,2003-01-16,NULL,2003-01-15 00:00:00.000
71,578935259,adventure-works\michael3,Production Supervisor - WC30,1983-03-02,M,2003-03-19,70,55,Production,Manufacturing,Night,23:00:00.0000000,07:00:00.0000000,2003-03-19,NULL,2003-03-18 00:00:00.000
72,443968955,adventure-works\steven0,Production Technician - WC30,1971-06-15,M,2003-01-02,41,40,Production,Manufacturing,Night,23:00:00.0000000,07:00:00.0000000,2003-01-02,NULL,2003-01-01 00:00:00.000
73,138280935,adventure-works\carole0,Production Technician - WC30,1977-11-19,F,2003-01-20,42,41,Production,Manufacturing,Night,23:00:00.0000000,07:00:00.0000000,2003-01-20,NULL,2003-01-19 00:00:00.000
74,420023788,adventure-works\bjorn0,Production Technician - WC30,1983-12-08,M,2003-02-08,43,41,Production,Manufacturing,Night,23:00:00.0000000,07:00:00.0000000,2003-02-08,NULL,2003-02-07 00:00:00.000
75,363996959,adventure-works\michiko0,Production Technician - WC30,1976-07-28,M,2003-02-27,44,42,Production,Manufacturing,Night,23:00:00.0000000,07:00:00.0000000,2003-02-27,NULL,2003-02-26 00:00:00.000
76,227319668,adventure-works\carol0,Production Technician - WC30,1982-11-18,F,2003-03-16,45,42,Production,Manufacturing,Night,23:00:00.0000000,07:00:00.0000000,2003-03-16,NULL,2003-03-15 00:00:00.000
77,301435199,adventure-works\merav0,Production Technician - WC30,1977-06-13,F,2003-04-04,46,43,Production,Manufacturing,Night,23:00:00.0000000,07:00:00.0000000,2003-04-04,NULL,2003-04-03 00:00:00.000
78,370989364,adventure-works\reuben0,Production Supervisor - WC40,1981-09-27,M,2003-01-16,72,56,Production,Manufacturing,Evening,15:00:00.0000000,23:00:00.0000000,2003-01-16,NULL,2003-01-15 00:00:00.000
79,697712387,adventure-works\eric1,Production Technician - WC40,1961-01-08,M,2004-02-25,60,50,Production,Manufacturing,Evening,15:00:00.0000000,23:00:00.0000000,2004-02-25,NULL,2004-02-24 00:00:00.000
80,943170460,adventure-works\sandeep0,Production Technician - WC40,1965-01-03,M,2004-02-18,65,52,Production,Manufacturing,Evening,15:00:00.0000000,23:00:00.0000000,2004-02-18,NULL,2004-02-17 00:00:00.000
81,413787783,adventure-works\mihail0,Production Technician - WC40,1965-04-09,M,2004-01-30,64,52,Production,Manufacturing,Evening,15:00:00.0000000,23:00:00.0000000,2004-01-30,NULL,2004-01-29 00:00:00.000
82,58791499,adventure-works\jack1,Production Technician - WC40,1967-09-30,M,2004-04-03,62,51,Production,Manufacturing,Evening,15:00:00.0000000,23:00:00.0000000,2004-04-03,NULL,2004-04-02 00:00:00.000
83,988315686,adventure-works\patrick1,Production Technician - WC40,1968-01-24,M,2004-03-15,61,50,Production,Manufacturing,Evening,15:00:00.0000000,23:00:00.0000000,2004-03-15,NULL,2004-03-14 00:00:00.000
84,947029962,adventure-works\frank3,Production Technician - WC40,1946-04-03,M,2004-03-08,66,53,Production,Manufacturing,Evening,15:00:00.0000000,23:00:00.0000000,2004-03-08,NULL,2004-03-07 00:00:00.000
85,1662732,adventure-works\brian2,Production Technician - WC40,1965-01-23,M,2004-01-12,63,51,Production,Manufacturing,Evening,15:00:00.0000000,23:00:00.0000000,2004-01-12,NULL,2004-01-11 00:00:00.000
86,769680433,adventure-works\ryan0,Production Technician - WC40,1966-07-15,M,2003-02-06,59,49,Production,Manufacturing,Evening,15:00:00.0000000,23:00:00.0000000,2003-02-06,NULL,2003-02-05 00:00:00.000
87,7201901,adventure-works\cristian0,Production Supervisor - WC10,1978-05-13,M,2003-01-23,67,53,Production,Manufacturing,Night,23:00:00.0000000,07:00:00.0000000,2003-01-23,NULL,2003-01-22 00:00:00.000
88,294148271,adventure-works\betsy0,Production Technician - WC10,1961-01-17,F,2004-01-19,99,69,Production,Manufacturing,Night,23:00:00.0000000,07:00:00.0000000,2004-01-19,NULL,2004-01-18 00:00:00.000
89,90888098,adventure-works\patrick0,Production Technician - WC10,1980-10-11,M,2004-03-04,96,68,Production,Manufacturing,Night,23:00:00.0000000,07:00:00.0000000,2004-03-04,NULL,2004-03-03 00:00:00.000
90,82638150,adventure-works\danielle0,Production Technician - WC10,1980-10-08,F,2004-03-23,97,68,Production,Manufacturing,Night,23:00:00.0000000,07:00:00.0000000,2004-03-23,NULL,2004-03-22 00:00:00.000
91,390124815,adventure-works\kimberly0,Production Technician - WC10,1980-10-14,F,2004-02-13,95,67,Production,Manufacturing,Night,23:00:00.0000000,07:00:00.0000000,2004-02-13,NULL,2004-02-12 00:00:00.000
92,826454897,adventure-works\tom0,Production Technician - WC10,1980-11-01,M,2004-04-10,98,69,Production,Manufacturing,Night,23:00:00.0000000,07:00:00.0000000,2004-04-10,NULL,2004-04-09 00:00:00.000
93,778552911,adventure-works\kok-ho0,Production Supervisor - WC50,1974-05-30,M,2003-01-28,78,59,Production,Manufacturing,Evening,15:00:00.0000000,23:00:00.0000000,2003-01-28,NULL,2003-01-27 00:00:00.000
94,718299860,adventure-works\russell0,Production Technician - WC50,1966-12-27,M,2003-01-13,6,23,Production,Manufacturing,Evening,15:00:00.0000000,23:00:00.0000000,2003-01-13,NULL,2003-01-12 00:00:00.000
95,674171828,adventure-works\jim0,Production Technician - WC50,1980-10-09,M,2003-01-20,1,20,Production,Manufacturing,Evening,15:00:00.0000000,23:00:00.0000000,2003-01-20,NULL,2003-01-19 00:00:00.000
96,912141525,adventure-works\elizabeth0,Production Technician - WC50,1984-02-26,F,2003-04-03,5,22,Production,Manufacturing,Evening,15:00:00.0000000,23:00:00.0000000,2003-04-03,NULL,2003-04-02 00:00:00.000
97,370581729,adventure-works\mandar0,Production Technician - WC50,1980-04-21,M,2003-03-14,0,20,Production,Manufacturing,Evening,15:00:00.0000000,23:00:00.0000000,2003-03-14,NULL,2003-03-13 00:00:00.000
98,152085091,adventure-works\sameer0,Production Technician - WC50,1972-07-27,M,2003-03-15,4,22,Production,Manufacturing,Evening,15:00:00.0000000,23:00:00.0000000,2003-03-15,NULL,2003-03-14 00:00:00.000
99,431859843,adventure-works\nuan0,Production Technician - WC50,1973-04-29,M,2003-02-07,2,21,Production,Manufacturing,Evening,15:00:00.0000000,23:00:00.0000000,2003-02-07,NULL,2003-02-06 00:00:00.000
100,204035155,adventure-works\lolan0,Production Technician - WC50,1967-02-25,M,2003-02-13,7,23,Production,Manufacturing,Evening,15:00:00.0000000,23:00:00.0000000,2003-02-13,NULL,2003-02-12 00:00:00.000
101,153288994,adventure-works\houman0,Production Technician - WC50,1965-09-30,M,2003-02-26,3,21,Production,Manufacturing,Evening,15:00:00.0000000,23:00:00.0000000,2003-02-26,NULL,2003-02-25 00:00:00.000
102,360868122,adventure-works\zheng0,Production Supervisor - WC10,1977-11-26,M,2003-01-04,66,53,Production,Manufacturing,Evening,15:00:00.0000000,23:00:00.0000000,2003-01-04,NULL,2003-01-03 00:00:00.000
103,455563743,adventure-works\ebru0,Production Technician - WC10,1980-10-23,M,2004-01-07,93,66,Production,Manufacturing,Evening,15:00:00.0000000,23:00:00.0000000,2004-01-07,NULL,2004-01-06 00:00:00.000
104,717889520,adventure-works\mary1,Production Technician - WC10,1980-10-20,F,2004-01-26,94,67,Production,Manufacturing,Evening,15:00:00.0000000,23:00:00.0000000,2004-01-26,NULL,2004-01-25 00:00:00.000
105,801365500,adventure-works\kevin2,Production Technician - WC10,1980-10-20,M,2004-01-26,90,65,Production,Manufacturing,Evening,15:00:00.0000000,23:00:00.0000000,2004-01-26,NULL,2004-01-25 00:00:00.000
106,561196580,adventure-works\john4,Production Technician - WC10,1980-10-29,M,2004-03-30,92,66,Production,Manufacturing,Evening,15:00:00.0000000,23:00:00.0000000,2004-03-30,NULL,2004-03-29 00:00:00.000
107,393421437,adventure-works\christopher0,Production Technician - WC10,1980-11-01,M,2004-03-11,91,65,Production,Manufacturing,Evening,15:00:00.0000000,23:00:00.0000000,2004-03-11,NULL,2004-03-10 00:00:00.000
108,630184120,adventure-works\jinghao0,Production Supervisor - WC50,1983-03-09,M,2003-01-09,77,58,Production,Manufacturing,Day,07:00:00.0000000,15:00:00.0000000,2003-01-09,NULL,2003-01-08 00:00:00.000
109,113695504,adventure-works\alice0,Production Technician - WC50,1972-02-27,F,2003-01-08,95,67,Production,Manufacturing,Day,07:00:00.0000000,15:00:00.0000000,2003-01-08,NULL,2003-01-07 00:00:00.000
110,857651804,adventure-works\jun0,Production Technician - WC50,1973-08-06,M,2003-01-15,90,65,Production,Manufacturing,Day,07:00:00.0000000,15:00:00.0000000,2003-01-15,NULL,2003-01-14 00:00:00.000
111,415823523,adventure-works\suroor0,Production Technician - WC50,1972-03-28,M,2003-01-18,93,66,Production,Manufacturing,Day,07:00:00.0000000,15:00:00.0000000,2003-01-18,NULL,2003-01-17 00:00:00.000
112,981597097,adventure-works\john1,Production Technician - WC50,1972-07-01,M,2003-02-02,91,65,Production,Manufacturing,Day,07:00:00.0000000,15:00:00.0000000,2003-02-02,NULL,2003-02-01 00:00:00.000
113,54759846,adventure-works\linda0,Production Technician - WC50,1981-08-17,F,2003-01-26,96,68,Production,Manufacturing,Day,07:00:00.0000000,15:00:00.0000000,2003-01-26,NULL,2003-01-25 00:00:00.000
114,342607223,adventure-works\mindaugas0,Production Technician - WC50,1972-06-07,M,2003-02-14,97,68,Production,Manufacturing,Day,07:00:00.0000000,15:00:00.0000000,2003-02-14,NULL,2003-02-13 00:00:00.000
115,563680513,adventure-works\angela0,Production Technician - WC50,1985-07-01,F,2003-02-21,92,66,Production,Manufacturing,Day,07:00:00.0000000,15:00:00.0000000,2003-02-21,NULL,2003-02-20 00:00:00.000
116,398737566,adventure-works\michael2,Production Technician - WC50,1968-06-03,M,2003-03-04,98,69,Production,Manufacturing,Day,07:00:00.0000000,15:00:00.0000000,2003-03-04,NULL,2003-03-03 00:00:00.000
117,599942664,adventure-works\chad0,Production Technician - WC50,1984-09-04,M,2003-03-22,99,69,Production,Manufacturing,Day,07:00:00.0000000,15:00:00.0000000,2003-03-22,NULL,2003-03-21 00:00:00.000
118,222400012,adventure-works\don0,Production Technician - WC50,1965-07-14,M,2003-03-17,88,64,Production,Manufacturing,Day,07:00:00.0000000,15:00:00.0000000,2003-03-17,NULL,2003-03-16 00:00:00.000
119,334834274,adventure-works\michael4,Production Technician - WC50,1983-07-17,M,2003-03-29,94,67,Production,Manufacturing,Day,07:00:00.0000000,15:00:00.0000000,2003-03-29,NULL,2003-03-28 00:00:00.000
120,211789056,adventure-works\kitti0,Production Technician - WC50,1981-07-07,F,2003-04-05,89,64,Production,Manufacturing,Day,07:00:00.0000000,15:00:00.0000000,2003-04-05,NULL,2003-04-04 00:00:00.000
121,521265716,adventure-works\pilar0,Shipping and Receiving Supervisor,1966-10-11,M,2003-02-03,93,66,Shipping and Receiving,Inventory Management,Day,07:00:00.0000000,15:00:00.0000000,2003-02-03,NULL,2003-02-02 00:00:00.000
122,586486572,adventure-works\susan0,Stocker,1972-03-20,F,2003-01-08,97,68,Shipping and Receiving,Inventory Management,Evening,15:00:00.0000000,23:00:00.0000000,2003-01-08,NULL,2003-01-07 00:00:00.000
123,337752649,adventure-works\vamsi0,Shipping and Receiving Clerk,1971-04-19,M,2003-01-08,95,67,Shipping and Receiving,Inventory Management,Evening,15:00:00.0000000,23:00:00.0000000,2003-01-08,NULL,2003-01-07 00:00:00.000
124,420776180,adventure-works\kim0,Stocker,1978-06-01,F,2003-01-27,98,69,Shipping and Receiving,Inventory Management,Night,23:00:00.0000000,07:00:00.0000000,2003-01-27,NULL,2003-01-26 00:00:00.000
125,584205124,adventure-works\matthias0,Shipping and Receiving Clerk,1967-12-13,M,2003-02-21,94,67,Shipping and Receiving,Inventory Management,Day,07:00:00.0000000,15:00:00.0000000,2003-02-21,NULL,2003-02-20 00:00:00.000
126,652779496,adventure-works\jimmy0,Stocker,1979-06-05,M,2003-03-30,96,68,Shipping and Receiving,Inventory Management,Day,07:00:00.0000000,15:00:00.0000000,2003-03-30,NULL,2003-03-29 00:00:00.000
127,750905084,adventure-works\david4,Production Supervisor - WC40,1977-08-02,M,2003-02-04,73,56,Production,Manufacturing,Night,23:00:00.0000000,07:00:00.0000000,2003-02-04,NULL,2003-02-03 00:00:00.000
128,384162788,adventure-works\paul0,Production Technician - WC40,1974-12-15,M,2003-01-05,68,54,Production,Manufacturing,Night,23:00:00.0000000,07:00:00.0000000,2003-01-05,NULL,2003-01-04 00:00:00.000
129,502058701,adventure-works\gary0,Production Technician - WC40,1982-06-17,M,2003-01-23,69,54,Production,Manufacturing,Night,23:00:00.0000000,07:00:00.0000000,2003-01-23,NULL,2003-01-22 00:00:00.000
130,578953538,adventure-works\rob1,Production Technician - WC40,1967-09-05,M,2003-03-17,71,55,Production,Manufacturing,Night,23:00:00.0000000,07:00:00.0000000,2003-03-17,NULL,2003-03-16 00:00:00.000
131,273260055,adventure-works\baris0,Production Technician - WC40,1984-11-07,M,2003-03-19,72,56,Production,Manufacturing,Night,23:00:00.0000000,07:00:00.0000000,2003-03-19,NULL,2003-03-18 00:00:00.000
132,1300049,adventure-works\nicole0,Production Technician - WC40,1980-05-10,F,2003-03-26,67,53,Production,Manufacturing,Night,23:00:00.0000000,07:00:00.0000000,2003-03-26,NULL,2003-03-25 00:00:00.000
133,830150469,adventure-works\michael1,Production Technician - WC40,1985-02-04,M,2003-02-11,70,55,Production,Manufacturing,Night,23:00:00.0000000,07:00:00.0000000,2003-02-11,NULL,2003-02-10 00:00:00.000
134,45615666,adventure-works\eric0,Production Supervisor - WC20,1979-02-20,M,2003-02-15,40,40,Production,Manufacturing,Day,07:00:00.0000000,15:00:00.0000000,2003-02-15,NULL,2003-02-14 00:00:00.000
135,964089218,adventure-works\ivo0,Production Technician - WC20,1976-02-04,M,2003-01-05,9,24,Production,Manufacturing,Day,07:00:00.0000000,15:00:00.0000000,2003-01-05,NULL,2003-01-04 00:00:00.000
136,701156975,adventure-works\sylvester0,Production Technician - WC20,1964-12-13,M,2004-01-12,4,22,Production,Manufacturing,Day,07:00:00.0000000,15:00:00.0000000,2004-01-12,NULL,2004-01-11 00:00:00.000
137,63761469,adventure-works\anibal0,Production Technician - WC20,1968-10-06,F,2003-03-27,8,24,Production,Manufacturing,Day,07:00:00.0000000,15:00:00.0000000,2003-03-27,NULL,2003-03-26 00:00:00.000
138,25011600,adventure-works\samantha0,Production Technician - WC20,1981-12-23,F,2003-03-08,7,23,Production,Manufacturing,Day,07:00:00.0000000,15:00:00.0000000,2003-03-08,NULL,2003-03-07 00:00:00.000
139,113393530,adventure-works\hung-fu0,Production Technician - WC20,1965-11-23,M,2004-02-07,0,20,Production,Manufacturing,Day,07:00:00.0000000,15:00:00.0000000,2004-02-07,NULL,2004-02-06 00:00:00.000
140,339233463,adventure-works\prasanna0,Production Technician - WC20,1947-06-01,M,2004-02-23,5,22,Production,Manufacturing,Day,07:00:00.0000000,15:00:00.0000000,2004-02-23,NULL,2004-02-22 00:00:00.000
141,872923042,adventure-works\min0,Production Technician - WC20,1968-10-11,M,2004-02-25,1,20,Production,Manufacturing,Day,07:00:00.0000000,15:00:00.0000000,2004-02-25,NULL,2004-02-24 00:00:00.000
142,163347032,adventure-works\olinda0,Production Technician - WC20,1964-05-05,F,2004-04-04,3,21,Production,Manufacturing,Day,07:00:00.0000000,15:00:00.0000000,2004-04-04,NULL,2004-04-03 00:00:00.000
143,56772045,adventure-works\krishna0,Production Technician - WC20,1965-10-06,M,2004-03-16,2,21,Production,Manufacturing,Day,07:00:00.0000000,15:00:00.0000000,2004-03-16,NULL,2004-03-15 00:00:00.000
144,886023130,adventure-works\paul1,Production Technician - WC20,1984-12-05,M,2003-02-18,6,23,Production,Manufacturing,Day,07:00:00.0000000,15:00:00.0000000,2003-02-18,NULL,2003-02-17 00:00:00.000
145,386315192,adventure-works\cynthia0,Production Supervisor - WC30,1975-09-19,F,2003-02-28,69,54,Production,Manufacturing,Evening,15:00:00.0000000,23:00:00.0000000,2003-02-28,NULL,2003-02-27 00:00:00.000
146,160739235,adventure-works\jianshuo0,Production Technician - WC30,1977-08-27,M,2003-01-08,36,38,Production,Manufacturing,Evening,15:00:00.0000000,23:00:00.0000000,2003-01-08,NULL,2003-01-07 00:00:00.000
147,604664374,adventure-works\sandra0,Production Technician - WC30,1969-12-06,F,2003-01-27,37,38,Production,Manufacturing,Evening,15:00:00.0000000,23:00:00.0000000,2003-01-27,NULL,2003-01-26 00:00:00.000
148,733022683,adventure-works\jason0,Production Technician - WC30,1983-01-08,M,2003-02-15,38,39,Production,Manufacturing,Evening,15:00:00.0000000,23:00:00.0000000,2003-02-15,NULL,2003-02-14 00:00:00.000
149,764853868,adventure-works\andy0,Production Technician - WC30,1977-11-20,M,2003-03-04,39,39,Production,Manufacturing,Evening,15:00:00.0000000,23:00:00.0000000,2003-03-04,NULL,2003-03-03 00:00:00.000
150,878395493,adventure-works\michael5,Production Technician - WC30,1976-10-19,M,2003-03-30,35,37,Production,Manufacturing,Evening,15:00:00.0000000,23:00:00.0000000,2003-03-30,NULL,2003-03-29 00:00:00.000
151,993310268,adventure-works\rostislav0,Production Technician - WC30,1971-10-15,M,2003-03-23,40,40,Production,Manufacturing,Evening,15:00:00.0000000,23:00:00.0000000,2003-03-23,NULL,2003-03-22 00:00:00.000
152,319472946,adventure-works\yuhong0,Production Supervisor - WC20,1971-05-08,M,2003-03-05,41,40,Production,Manufacturing,Evening,15:00:00.0000000,23:00:00.0000000,2003-03-05,NULL,2003-03-04 00:00:00.000
153,568596888,adventure-works\hanying0,Production Technician - WC20,1968-11-16,M,2003-01-17,15,27,Production,Manufacturing,Evening,15:00:00.0000000,23:00:00.0000000,2003-01-17,NULL,2003-01-16 00:00:00.000
154,97728960,adventure-works\raymond0,Production Technician - WC20,1961-04-02,M,2003-01-24,10,25,Production,Manufacturing,Evening,15:00:00.0000000,23:00:00.0000000,2003-01-24,NULL,2003-01-23 00:00:00.000
155,212801092,adventure-works\fadi0,Production Technician - WC20,1983-03-19,M,2003-02-05,16,28,Production,Manufacturing,Evening,15:00:00.0000000,23:00:00.0000000,2003-02-05,NULL,2003-02-04 00:00:00.000
156,322160340,adventure-works\lane0,Production Technician - WC20,1968-10-24,M,2003-02-12,11,25,Production,Manufacturing,Evening,15:00:00.0000000,23:00:00.0000000,2003-02-12,NULL,2003-02-11 00:00:00.000
157,812797414,adventure-works\linda1,Production Technician - WC20,1971-11-06,F,2003-03-07,12,26,Production,Manufacturing,Evening,15:00:00.0000000,23:00:00.0000000,2003-03-07,NULL,2003-03-06 00:00:00.000
158,300946911,adventure-works\shelley0,Production Technician - WC20,1981-01-08,F,2003-04-08,14,27,Production,Manufacturing,Evening,15:00:00.0000000,23:00:00.0000000,2003-04-08,NULL,2003-04-07 00:00:00.000
159,404159499,adventure-works\terrence0,Production Technician - WC20,1979-01-09,M,2003-03-20,13,26,Production,Manufacturing,Evening,15:00:00.0000000,23:00:00.0000000,2003-03-20,NULL,2003-03-19 00:00:00.000
160,712885347,adventure-works\jeff0,Production Supervisor - WC45,1971-02-16,M,2003-02-22,74,57,Production,Manufacturing,Day,07:00:00.0000000,15:00:00.0000000,2003-02-22,NULL,2003-02-21 00:00:00.000
161,275962311,adventure-works\kirk0,Production Technician - WC45,1979-03-10,M,2003-01-16,74,57,Production,Manufacturing,Day,07:00:00.0000000,15:00:00.0000000,2003-01-16,NULL,2003-01-15 00:00:00.000
162,514829225,adventure-works\laura0,Production Technician - WC45,1975-01-26,F,2003-02-04,75,57,Production,Manufacturing,Day,07:00:00.0000000,15:00:00.0000000,2003-02-04,NULL,2003-02-03 00:00:00.000
163,377784364,adventure-works\alex0,Production Technician - WC45,1984-05-14,M,2003-03-12,77,58,Production,Manufacturing,Day,07:00:00.0000000,15:00:00.0000000,2003-03-12,NULL,2003-03-11 00:00:00.000
164,65848458,adventure-works\andrew1,Production Technician - WC45,1982-10-26,M,2003-04-07,73,56,Production,Manufacturing,Day,07:00:00.0000000,15:00:00.0000000,2003-04-07,NULL,2003-04-06 00:00:00.000
165,539490372,adventure-works\chris0,Production Technician - WC45,1983-01-17,M,2003-02-23,76,58,Production,Manufacturing,Day,07:00:00.0000000,15:00:00.0000000,2003-02-23,NULL,2003-02-22 00:00:00.000
166,60114406,adventure-works\jack0,Production Supervisor - WC30,1977-07-23,M,2003-03-25,68,54,Production,Manufacturing,Day,07:00:00.0000000,15:00:00.0000000,2003-03-25,NULL,2003-03-24 00:00:00.000
167,498138869,adventure-works\david1,Production Technician - WC30,1973-12-03,M,2003-01-03,25,32,Production,Manufacturing,Day,07:00:00.0000000,15:00:00.0000000,2003-01-03,NULL,2003-01-02 00:00:00.000
168,271438431,adventure-works\garrett0,Production Technician - WC30,1978-09-26,M,2003-01-08,34,37,Production,Manufacturing,Day,07:00:00.0000000,15:00:00.0000000,2003-01-08,NULL,2003-01-07 00:00:00.000
169,351069889,adventure-works\susan1,Production Technician - WC30,1977-05-03,F,2003-01-15,31,35,Production,Manufacturing,Day,07:00:00.0000000,15:00:00.0000000,2003-01-15,NULL,2003-01-14 00:00:00.000
170,476115505,adventure-works\george0,Production Technician - WC30,1971-05-18,M,2003-01-22,26,33,Production,Manufacturing,Day,07:00:00.0000000,15:00:00.0000000,2003-01-22,NULL,2003-01-21 00:00:00.000
171,746373306,adventure-works\david3,Production Technician - WC30,1975-09-04,M,2003-02-03,32,36,Production,Manufacturing,Day,07:00:00.0000000,15:00:00.0000000,2003-02-03,NULL,2003-02-02 00:00:00.000
172,364818297,adventure-works\marc0,Production Technician - WC30,1980-11-24,M,2003-02-17,22,31,Production,Manufacturing,Day,07:00:00.0000000,15:00:00.0000000,2003-02-17,NULL,2003-02-16 00:00:00.000
173,87268837,adventure-works\eugene0,Production Technician - WC30,1981-08-15,M,2003-02-22,33,36,Production,Manufacturing,Day,07:00:00.0000000,15:00:00.0000000,2003-02-22,NULL,2003-02-21 00:00:00.000
174,585408256,adventure-works\benjamin0,Production Technician - WC30,1980-02-06,M,2003-02-28,28,34,Production,Manufacturing,Day,07:00:00.0000000,15:00:00.0000000,2003-02-28,NULL,2003-02-27 00:00:00.000
175,259388196,adventure-works\reed0,Production Technician - WC30,1983-02-09,M,2003-03-06,23,31,Production,Manufacturing,Day,07:00:00.0000000,15:00:00.0000000,2003-03-06,NULL,2003-03-05 00:00:00.000
176,860123571,adventure-works\david7,Production Technician - WC30,1979-10-25,M,2003-03-18,29,34,Production,Manufacturing,Day,07:00:00.0000000,15:00:00.0000000,2003-03-18,NULL,2003-03-17 00:00:00.000
177,551346974,adventure-works\russell1,Production Technician - WC30,1976-03-14,M,2003-03-25,24,32,Production,Manufacturing,Day,07:00:00.0000000,15:00:00.0000000,2003-03-25,NULL,2003-03-24 00:00:00.000
178,568626529,adventure-works\john3,Production Technician - WC30,1976-04-24,M,2003-04-04,27,33,Production,Manufacturing,Day,07:00:00.0000000,15:00:00.0000000,2003-04-04,NULL,2003-04-03 00:00:00.000
179,587567941,adventure-works\jan0,Production Technician - WC30,1968-12-16,M,2003-04-06,30,35,Production,Manufacturing,Day,07:00:00.0000000,15:00:00.0000000,2003-04-06,NULL,2003-04-05 00:00:00.000
180,862951447,adventure-works\katie0,Production Supervisor - WC20,1978-12-20,F,2003-03-24,42,41,Production,Manufacturing,Night,23:00:00.0000000,07:00:00.0000000,2003-03-24,NULL,2003-03-23 00:00:00.000
181,545337468,adventure-works\michael0,Production Technician - WC20,1978-12-19,M,2003-01-10,20,30,Production,Manufacturing,Night,23:00:00.0000000,07:00:00.0000000,2003-01-10,NULL,2003-01-09 00:00:00.000
182,368920189,adventure-works\nitin0,Production Technician - WC20,1981-01-01,M,2003-01-29,21,30,Production,Manufacturing,Night,23:00:00.0000000,07:00:00.0000000,2003-01-29,NULL,2003-01-28 00:00:00.000
183,969985265,adventure-works\barbara0,Production Technician - WC20,1973-08-02,F,2003-02-23,17,28,Production,Manufacturing,Night,23:00:00.0000000,07:00:00.0000000,2003-02-23,NULL,2003-02-22 00:00:00.000
184,305522471,adventure-works\john2,Production Technician - WC20,1980-05-06,M,2003-03-13,18,29,Production,Manufacturing,Night,23:00:00.0000000,07:00:00.0000000,2003-03-13,NULL,2003-03-12 00:00:00.000
185,621932914,adventure-works\stefen0,Production Technician - WC20,1970-01-21,M,2003-04-01,19,29,Production,Manufacturing,Night,23:00:00.0000000,07:00:00.0000000,2003-04-01,NULL,2003-03-31 00:00:00.000
186,551834634,adventure-works\shane0,Production Supervisor - WC45,1984-06-24,M,2003-03-12,75,57,Production,Manufacturing,Evening,15:00:00.0000000,23:00:00.0000000,2003-03-12,NULL,2003-03-11 00:00:00.000
187,713403643,adventure-works\yvonne0,Production Technician - WC45,1983-05-17,F,2003-01-10,79,59,Production,Manufacturing,Evening,15:00:00.0000000,23:00:00.0000000,2003-01-10,NULL,2003-01-09 00:00:00.000
188,435234965,adventure-works\douglas0,Production Technician - WC45,1979-12-26,M,2003-01-28,80,60,Production,Manufacturing,Evening,15:00:00.0000000,23:00:00.0000000,2003-01-28,NULL,2003-01-27 00:00:00.000
189,187369436,adventure-works\janeth0,Production Technician - WC45,1966-08-25,F,2003-02-16,81,60,Production,Manufacturing,Evening,15:00:00.0000000,23:00:00.0000000,2003-02-16,NULL,2003-02-15 00:00:00.000
190,456839592,adventure-works\robert0,Production Technician - WC45,1979-04-01,M,2003-03-06,82,61,Production,Manufacturing,Evening,15:00:00.0000000,23:00:00.0000000,2003-03-06,NULL,2003-03-05 00:00:00.000
191,399658727,adventure-works\lionel0,Production Technician - WC45,1982-04-15,M,2003-03-30,78,59,Production,Manufacturing,Evening,15:00:00.0000000,23:00:00.0000000,2003-03-30,NULL,2003-03-29 00:00:00.000
192,634335025,adventure-works\brenda0,Production Supervisor - WC40,1977-03-31,F,2003-04-06,71,55,Production,Manufacturing,Day,07:00:00.0000000,15:00:00.0000000,2003-04-06,NULL,2003-04-05 00:00:00.000
193,761597760,adventure-works\alejandro0,Production Technician - WC40,1983-01-06,M,2003-01-07,52,46,Production,Manufacturing,Day,07:00:00.0000000,15:00:00.0000000,2003-01-07,NULL,2003-01-06 00:00:00.000
194,295971920,adventure-works\fred0,Production Technician - WC40,1983-07-27,M,2003-01-13,47,43,Production,Manufacturing,Day,07:00:00.0000000,15:00:00.0000000,2003-01-13,NULL,2003-01-12 00:00:00.000
195,918737118,adventure-works\kevin1,Production Technician - WC40,1980-01-26,M,2003-01-18,58,49,Production,Manufacturing,Day,07:00:00.0000000,15:00:00.0000000,2003-01-18,NULL,2003-01-17 00:00:00.000
196,370487086,adventure-works\shammi0,Production Technician - WC40,1974-11-05,M,2003-01-25,53,46,Production,Manufacturing,Day,07:00:00.0000000,15:00:00.0000000,2003-01-25,NULL,2003-01-24 00:00:00.000
197,632092621,adventure-works\rajesh0,Production Technician - WC40,1971-11-05,M,2003-02-01,48,44,Production,Manufacturing,Day,07:00:00.0000000,15:00:00.0000000,2003-02-01,NULL,2003-01-31 00:00:00.000
198,19312190,adventure-works\lorraine0,Production Technician - WC40,1982-12-28,F,2003-02-05,49,44,Production,Manufacturing,Day,07:00:00.0000000,15:00:00.0000000,2003-02-05,NULL,2003-02-04 00:00:00.000
199,992874797,adventure-works\paula1,Production Technician - WC40,1981-03-13,F,2003-02-13,54,47,Production,Manufacturing,Day,07:00:00.0000000,15:00:00.0000000,2003-02-13,NULL,2003-02-12 00:00:00.000
200,749211824,adventure-works\frank0,Production Technician - WC40,1981-10-07,M,2003-02-18,56,48,Production,Manufacturing,Day,07:00:00.0000000,15:00:00.0000000,2003-02-18,NULL,2003-02-17 00:00:00.000
201,746201340,adventure-works\brian0,Production Technician - WC40,1971-03-14,M,2003-03-02,55,47,Production,Manufacturing,Day,07:00:00.0000000,15:00:00.0000000,2003-03-02,NULL,2003-03-01 00:00:00.000
202,436757988,adventure-works\tawana0,Production Technician - WC40,1983-12-12,M,2003-03-09,50,45,Production,Manufacturing,Day,07:00:00.0000000,15:00:00.0000000,2003-03-09,NULL,2003-03-08 00:00:00.000
203,693168613,adventure-works\ken1,Production Technician - WC40,1975-06-29,M,2003-03-28,51,45,Production,Manufacturing,Day,07:00:00.0000000,15:00:00.0000000,2003-03-28,NULL,2003-03-27 00:00:00.000
204,440379437,adventure-works\gabe0,Production Technician - WC40,1982-06-11,M,2003-04-09,57,48,Production,Manufacturing,Day,07:00:00.0000000,15:00:00.0000000,2003-04-09,NULL,2003-04-08 00:00:00.000
205,332349500,adventure-works\lori0,Production Supervisor - WC45,1974-08-19,F,2003-03-30,76,58,Production,Manufacturing,Night,23:00:00.0000000,07:00:00.0000000,2003-03-30,NULL,2003-03-29 00:00:00.000
206,835460180,adventure-works\stuart0,Production Technician - WC45,1956-10-14,M,2003-01-03,84,62,Production,Manufacturing,Night,23:00:00.0000000,07:00:00.0000000,2003-01-03,NULL,2003-01-02 00:00:00.000
207,687685941,adventure-works\greg0,Production Technician - WC45,1964-11-18,M,2003-01-03,85,62,Production,Manufacturing,Night,23:00:00.0000000,07:00:00.0000000,2003-01-03,NULL,2003-01-02 00:00:00.000
208,199546871,adventure-works\scott0,Production Technician - WC45,1981-03-13,M,2003-02-09,86,63,Production,Manufacturing,Night,23:00:00.0000000,07:00:00.0000000,2003-02-09,NULL,2003-02-08 00:00:00.000
209,167554340,adventure-works\kathie0,Production Technician - WC45,1984-12-02,F,2003-02-28,87,63,Production,Manufacturing,Night,23:00:00.0000000,07:00:00.0000000,2003-02-28,NULL,2003-02-27 00:00:00.000
210,20244403,adventure-works\belinda0,Production Technician - WC45,1963-10-19,F,2003-03-24,83,61,Production,Manufacturing,Night,23:00:00.0000000,07:00:00.0000000,2003-03-24,NULL,2003-03-23 00:00:00.000
211,398223854,adventure-works\hazem0,Quality Assurance Manager,1971-11-27,M,2003-04-01,80,60,Quality Assurance,Quality Assurance,Day,07:00:00.0000000,15:00:00.0000000,2003-04-01,NULL,2003-03-31 00:00:00.000
212,885055826,adventure-works\peng0,Quality Assurance Supervisor,1970-04-19,M,2003-01-10,81,60,Quality Assurance,Quality Assurance,Day,07:00:00.0000000,15:00:00.0000000,2003-01-10,NULL,2003-01-09 00:00:00.000
213,343861179,adventure-works\sootha0,Quality Assurance Technician,1961-01-05,M,2004-03-26,85,62,Quality Assurance,Quality Assurance,Night,23:00:00.0000000,07:00:00.0000000,2004-03-26,NULL,2004-03-25 00:00:00.000
214,131471224,adventure-works\andreas0,Quality Assurance Technician,1983-04-29,M,2003-03-06,84,62,Quality Assurance,Quality Assurance,Evening,15:00:00.0000000,23:00:00.0000000,2003-03-06,NULL,2003-03-05 00:00:00.000
215,381772114,adventure-works\mark0,Quality Assurance Technician,1980-05-31,M,2003-02-16,83,61,Quality Assurance,Quality Assurance,Day,07:00:00.0000000,15:00:00.0000000,2003-02-16,NULL,2003-02-15 00:00:00.000
216,403414852,adventure-works\sean0,Quality Assurance Technician,1970-04-07,M,2003-01-29,82,61,Quality Assurance,Quality Assurance,Day,07:00:00.0000000,15:00:00.0000000,2003-01-29,NULL,2003-01-28 00:00:00.000
217,345106466,adventure-works\zainal0,Document Control Manager,1970-03-02,M,2003-02-05,77,58,Document Control,Quality Assurance,Day,07:00:00.0000000,15:00:00.0000000,2003-02-05,NULL,2003-02-04 00:00:00.000
218,540688287,adventure-works\tengiz0,Control Specialist,1984-05-29,M,2003-01-17,76,58,Document Control,Quality Assurance,Night,23:00:00.0000000,07:00:00.0000000,2003-01-17,NULL,2003-01-16 00:00:00.000
219,242381745,adventure-works\sean1,Document Control Assistant,1981-04-12,M,2003-02-23,78,59,Document Control,Quality Assurance,Day,07:00:00.0000000,15:00:00.0000000,2003-02-23,NULL,2003-02-22 00:00:00.000
220,260770918,adventure-works\karen0,Document Control Assistant,1970-01-25,F,2003-03-13,79,59,Document Control,Quality Assurance,Day,07:00:00.0000000,15:00:00.0000000,2003-03-13,NULL,2003-03-12 00:00:00.000
221,260805477,adventure-works\chris1,Control Specialist,1981-06-26,M,2003-04-07,75,57,Document Control,Quality Assurance,Evening,15:00:00.0000000,23:00:00.0000000,2003-04-07,NULL,2003-04-06 00:00:00.000
222,685233686,adventure-works\ascott0,Master Scheduler,1962-10-19,M,2003-01-13,44,42,Production Control,Manufacturing,Day,07:00:00.0000000,15:00:00.0000000,2003-01-13,NULL,2003-01-12 00:00:00.000
223,981495526,adventure-works\sairaj0,Scheduling Assistant,1982-01-22,M,2003-02-27,46,43,Production Control,Manufacturing,Day,07:00:00.0000000,15:00:00.0000000,2003-02-27,NULL,2003-02-26 00:00:00.000
224,621209647,adventure-works\william0,Scheduling Assistant,1975-12-08,M,2003-02-08,45,42,Production,Manufacturing,Day,07:00:00.0000000,15:00:00.0000000,2003-02-08,2005-10-01,2005-09-29 00:00:00.000
224,621209647,adventure-works\william0,Scheduling Assistant,1975-12-08,M,2003-02-08,45,42,Production Control,Manufacturing,Day,07:00:00.0000000,15:00:00.0000000,2005-10-02,NULL,2005-10-01 00:00:00.000
225,470689086,adventure-works\alan0,Scheduling Assistant,1978-04-30,M,2003-03-17,47,43,Production Control,Manufacturing,Evening,15:00:00.0000000,23:00:00.0000000,2003-03-17,NULL,2003-03-16 00:00:00.000
226,368691270,adventure-works\brian1,Scheduling Assistant,1978-09-12,M,2003-04-04,48,44,Production Control,Manufacturing,Night,23:00:00.0000000,07:00:00.0000000,2003-04-04,NULL,2003-04-03 00:00:00.000
227,141165819,adventure-works\gary1,Facilities Manager,1965-03-21,M,2004-01-03,86,63,Facilities and Maintenance,Executive General and Administration,Day,07:00:00.0000000,15:00:00.0000000,2004-01-03,NULL,2004-01-02 00:00:00.000
228,553069203,adventure-works\christian0,Maintenance Supervisor,1970-02-18,M,2003-01-15,92,66,Facilities and Maintenance,Executive General and Administration,Day,07:00:00.0000000,15:00:00.0000000,2003-01-15,NULL,2003-01-14 00:00:00.000
229,879334904,adventure-works\lori1,Janitor,1964-08-31,F,2004-03-19,90,65,Facilities and Maintenance,Executive General and Administration,Night,23:00:00.0000000,07:00:00.0000000,2004-03-19,NULL,2004-03-18 00:00:00.000
230,28414965,adventure-works\stuart1,Janitor,1966-01-17,M,2004-04-05,88,64,Facilities and Maintenance,Executive General and Administration,Evening,15:00:00.0000000,23:00:00.0000000,2004-04-05,NULL,2004-04-04 00:00:00.000
231,153479919,adventure-works\jo1,Janitor,1948-05-25,F,2004-04-07,91,65,Facilities and Maintenance,Executive General and Administration,Night,23:00:00.0000000,07:00:00.0000000,2004-04-07,NULL,2004-04-06 00:00:00.000
232,646304055,adventure-works\pat0,Janitor,1965-01-03,M,2004-02-28,89,64,Facilities and Maintenance,Executive General and Administration,Evening,15:00:00.0000000,23:00:00.0000000,2004-02-28,NULL,2004-02-27 00:00:00.000
233,552560652,adventure-works\magnus0,Facilities Administrative Assistant,1965-09-27,M,2004-01-22,87,63,Facilities and Maintenance,Executive General and Administration,Day,07:00:00.0000000,15:00:00.0000000,2004-01-22,NULL,2004-01-21 00:00:00.000
234,184188301,adventure-works\laura1,Chief Financial Officer,1970-02-06,F,2003-03-04,0,20,Finance,Executive General and Administration,Day,07:00:00.0000000,15:00:00.0000000,2003-03-04,2007-12-15,2007-12-13 00:00:00.000
234,184188301,adventure-works\laura1,Chief Financial Officer,1970-02-06,F,2003-03-04,0,20,Executive,Executive General and Administration,Day,07:00:00.0000000,15:00:00.0000000,2007-12-16,NULL,2007-12-15 00:00:00.000
235,535145551,adventure-works\paula0,Human Resources Manager,1970-03-14,F,2003-01-07,54,47,Human Resources,Executive General and Administration,Day,07:00:00.0000000,15:00:00.0000000,2003-01-07,NULL,2003-01-06 00:00:00.000
236,476980013,adventure-works\grant0,Human Resources Administrative Assistant,1970-05-18,M,2003-03-29,53,46,Human Resources,Executive General and Administration,Day,07:00:00.0000000,15:00:00.0000000,2003-03-29,NULL,2003-03-28 00:00:00.000
237,416679555,adventure-works\hao0,Human Resources Administrative Assistant,1971-05-19,M,2003-03-10,52,46,Human Resources,Executive General and Administration,Day,07:00:00.0000000,15:00:00.0000000,2003-03-10,NULL,2003-03-09 00:00:00.000
238,264306399,adventure-works\vidur0,Recruiter,1978-09-02,M,2003-02-02,50,45,Human Resources,Executive General and Administration,Day,07:00:00.0000000,15:00:00.0000000,2003-02-02,NULL,2003-02-01 00:00:00.000
239,619308550,adventure-works\mindy0,Benefits Specialist,1978-12-22,F,2003-01-26,51,45,Human Resources,Executive General and Administration,Day,07:00:00.0000000,15:00:00.0000000,2003-01-26,NULL,2003-01-25 00:00:00.000
240,332040978,adventure-works\willis0,Recruiter,1972-08-18,M,2003-01-14,49,44,Human Resources,Executive General and Administration,Day,07:00:00.0000000,15:00:00.0000000,2003-01-14,NULL,2003-01-13 00:00:00.000
241,30845,adventure-works\david6,Accounts Manager,1977-08-08,M,2003-03-03,57,48,Finance,Executive General and Administration,Day,07:00:00.0000000,15:00:00.0000000,2003-03-03,NULL,2003-03-02 00:00:00.000
242,363923697,adventure-works\deborah0,Accounts Receivable Specialist,1970-04-07,F,2003-01-19,60,50,Finance,Executive General and Administration,Day,07:00:00.0000000,15:00:00.0000000,2003-01-19,NULL,2003-01-18 00:00:00.000
243,60517918,adventure-works\candy0,Accounts Receivable Specialist,1970-03-26,F,2003-02-07,61,50,Finance,Executive General and Administration,Day,07:00:00.0000000,15:00:00.0000000,2003-02-07,NULL,2003-02-06 00:00:00.000
244,931190412,adventure-works\bryan1,Accounts Receivable Specialist,1978-10-22,M,2003-02-25,62,51,Finance,Executive General and Administration,Day,07:00:00.0000000,15:00:00.0000000,2003-02-25,NULL,2003-02-24 00:00:00.000
245,363910111,adventure-works\barbara1,Accountant,1970-02-04,F,2003-03-22,58,49,Finance,Executive General and Administration,Day,07:00:00.0000000,15:00:00.0000000,2003-03-22,NULL,2003-03-21 00:00:00.000
246,663843431,adventure-works\dragan0,Accounts Payable Specialist,1971-03-18,M,2003-03-15,63,51,Finance,Executive General and Administration,Day,07:00:00.0000000,15:00:00.0000000,2003-03-15,NULL,2003-03-14 00:00:00.000
247,519756660,adventure-works\janet0,Accounts Payable Specialist,1973-04-09,F,2003-04-02,64,52,Finance,Executive General and Administration,Day,07:00:00.0000000,15:00:00.0000000,2003-04-02,NULL,2003-04-01 00:00:00.000
248,480951955,adventure-works\mike0,Accountant,1973-08-01,M,2003-04-09,59,49,Finance,Executive General and Administration,Day,07:00:00.0000000,15:00:00.0000000,2003-04-09,NULL,2003-04-08 00:00:00.000
249,121491555,adventure-works\wendy0,Finance Manager,1978-11-12,F,2003-01-26,55,47,Finance,Executive General and Administration,Day,07:00:00.0000000,15:00:00.0000000,2003-01-26,NULL,2003-01-25 00:00:00.000
250,895209680,adventure-works\sheela0,Purchasing Manager,1972-03-13,F,2005-03-28,49,44,Marketing,Sales and Marketing,Day,07:00:00.0000000,15:00:00.0000000,2005-03-28,2005-08-30,2005-08-28 00:00:00.000
250,895209680,adventure-works\sheela0,Purchasing Manager,1972-03-13,F,2005-03-28,49,44,Quality Assurance,Quality Assurance,Day,07:00:00.0000000,15:00:00.0000000,2005-08-31,2006-08-15,2006-08-13 00:00:00.000
250,895209680,adventure-works\sheela0,Purchasing Manager,1972-03-13,F,2005-03-28,49,44,Purchasing,Inventory Management,Day,07:00:00.0000000,15:00:00.0000000,2006-08-16,NULL,2006-08-15 00:00:00.000
251,603686790,adventure-works\mikael0,Buyer,1978-09-18,M,2003-03-14,59,49,Purchasing,Inventory Management,Day,07:00:00.0000000,15:00:00.0000000,2003-03-14,NULL,2003-03-13 00:00:00.000
252,792847334,adventure-works\arvind0,Buyer,1968-09-21,M,2003-04-01,60,50,Purchasing,Inventory Management,Day,07:00:00.0000000,15:00:00.0000000,2003-04-01,NULL,2003-03-31 00:00:00.000
253,407505660,adventure-works\linda2,Buyer,1964-12-31,F,2004-01-18,56,48,Purchasing,Inventory Management,Day,07:00:00.0000000,15:00:00.0000000,2004-01-18,NULL,2004-01-17 00:00:00.000
254,482810518,adventure-works\fukiko0,Buyer,1964-12-25,M,2004-02-05,57,48,Purchasing,Inventory Management,Day,07:00:00.0000000,15:00:00.0000000,2004-02-05,NULL,2004-02-04 00:00:00.000
255,466142721,adventure-works\gordon0,Buyer,1960-12-30,M,2004-02-12,52,46,Purchasing,Inventory Management,Day,07:00:00.0000000,15:00:00.0000000,2004-02-12,NULL,2004-02-11 00:00:00.000
256,367453993,adventure-works\frank2,Buyer,1946-06-13,M,2004-02-24,58,49,Purchasing,Inventory Management,Day,07:00:00.0000000,15:00:00.0000000,2004-02-24,NULL,2004-02-23 00:00:00.000
257,381073001,adventure-works\eric2,Buyer,1966-10-19,M,2004-02-28,54,47,Purchasing,Inventory Management,Day,07:00:00.0000000,15:00:00.0000000,2004-02-28,NULL,2004-02-27 00:00:00.000
258,785853949,adventure-works\erin0,Buyer,1965-02-04,F,2004-03-03,53,46,Purchasing,Inventory Management,Day,07:00:00.0000000,15:00:00.0000000,2004-03-03,NULL,2004-03-02 00:00:00.000
259,20269531,adventure-works\ben0,Buyer,1967-07-05,M,2004-04-09,55,47,Purchasing,Inventory Management,Day,07:00:00.0000000,15:00:00.0000000,2004-04-09,NULL,2004-04-08 00:00:00.000
260,437296311,adventure-works\annette0,Purchasing Assistant,1972-03-01,F,2005-01-06,50,45,Purchasing,Inventory Management,Day,07:00:00.0000000,15:00:00.0000000,2005-01-06,NULL,2005-01-05 00:00:00.000
261,280633567,adventure-works\reinout0,Purchasing Assistant,1972-02-18,M,2005-01-25,51,45,Purchasing,Inventory Management,Day,07:00:00.0000000,15:00:00.0000000,2005-01-25,NULL,2005-01-24 00:00:00.000
262,231203233,adventure-works\david5,Assistant to the Chief Financial Officer,1958-07-23,M,2003-02-13,56,48,Finance,Executive General and Administration,Day,07:00:00.0000000,15:00:00.0000000,2003-02-13,NULL,2003-02-12 00:00:00.000
263,441044382,adventure-works\jean0,Information Services Manager,1970-01-13,F,2003-01-12,65,52,Information Services,Executive General and Administration,Day,07:00:00.0000000,15:00:00.0000000,2003-01-12,NULL,2003-01-11 00:00:00.000
264,858323870,adventure-works\stephanie0,Network Manager,1978-04-26,F,2003-03-08,68,54,Information Services,Executive General and Administration,Day,07:00:00.0000000,15:00:00.0000000,2003-03-08,NULL,2003-03-07 00:00:00.000
265,749389530,adventure-works\ashvini0,Network Administrator,1971-04-28,M,2003-01-05,70,55,Information Services,Executive General and Administration,Evening,15:00:00.0000000,23:00:00.0000000,2003-01-05,NULL,2003-01-04 00:00:00.000
266,672243793,adventure-works\peter1,Network Administrator,1974-06-29,M,2003-03-27,69,54,Information Services,Executive General and Administration,Day,07:00:00.0000000,15:00:00.0000000,2003-03-27,NULL,2003-03-26 00:00:00.000
267,58317344,adventure-works\karen1,Application Specialist,1972-06-19,F,2003-03-20,74,57,Information Services,Executive General and Administration,Day,07:00:00.0000000,15:00:00.0000000,2003-03-20,NULL,2003-03-19 00:00:00.000
268,314747499,adventure-works\ramesh0,Application Specialist,1982-04-14,M,2003-03-07,73,56,Information Services,Executive General and Administration,Day,07:00:00.0000000,15:00:00.0000000,2003-03-07,NULL,2003-03-06 00:00:00.000
269,671089628,adventure-works\dan0,Application Specialist,1975-07-28,M,2003-02-12,72,56,Information Services,Executive General and Administration,Day,07:00:00.0000000,15:00:00.0000000,2003-02-12,NULL,2003-02-11 00:00:00.000
270,643805155,adventure-works\françois0,Database Administrator,1969-06-17,M,2003-02-18,67,53,Information Services,Executive General and Administration,Day,07:00:00.0000000,15:00:00.0000000,2003-02-18,NULL,2003-02-17 00:00:00.000
271,929666391,adventure-works\dan1,Database Administrator,1970-02-06,M,2003-02-23,66,53,Information Services,Executive General and Administration,Day,07:00:00.0000000,15:00:00.0000000,2003-02-23,NULL,2003-02-22 00:00:00.000
272,525932996,adventure-works\janaina0,Application Specialist,1979-03-03,F,2003-01-24,71,55,Information Services,Executive General and Administration,Day,07:00:00.0000000,15:00:00.0000000,2003-01-24,NULL,2003-01-23 00:00:00.000
273,112432117,adventure-works\brian3,Vice President of Sales,1971-07-08,M,2005-03-18,10,25,Sales,Sales and Marketing,Day,07:00:00.0000000,15:00:00.0000000,2005-03-18,NULL,2005-03-17 00:00:00.000
274,502097814,adventure-works\stephen0,North American Sales Manager,1945-11-17,M,2005-02-04,14,27,Sales,Sales and Marketing,Day,07:00:00.0000000,15:00:00.0000000,2005-02-04,NULL,2005-02-03 00:00:00.000
275,841560125,adventure-works\michael9,Sales Representative,1963-01-26,M,2005-07-01,38,39,Sales,Sales and Marketing,Day,07:00:00.0000000,15:00:00.0000000,2005-07-01,NULL,2005-06-30 00:00:00.000
276,191644724,adventure-works\linda3,Sales Representative,1974-03-30,F,2005-07-01,27,33,Sales,Sales and Marketing,Day,07:00:00.0000000,15:00:00.0000000,2005-07-01,NULL,2005-06-30 00:00:00.000
277,615389812,adventure-works\jillian0,Sales Representative,1956-09-29,F,2005-07-01,24,32,Sales,Sales and Marketing,Day,07:00:00.0000000,15:00:00.0000000,2005-07-01,NULL,2005-06-30 00:00:00.000
278,234474252,adventure-works\garrett1,Sales Representative,1969-03-07,M,2005-07-01,33,36,Sales,Sales and Marketing,Day,07:00:00.0000000,15:00:00.0000000,2005-07-01,NULL,2005-06-30 00:00:00.000
279,716374314,adventure-works\tsvi0,Sales Representative,1968-02-19,M,2005-07-01,29,34,Sales,Sales and Marketing,Day,07:00:00.0000000,15:00:00.0000000,2005-07-01,NULL,2005-06-30 00:00:00.000
280,61161660,adventure-works\pamela0,Sales Representative,1969-01-06,F,2005-07-01,22,31,Sales,Sales and Marketing,Day,07:00:00.0000000,15:00:00.0000000,2005-07-01,NULL,2005-06-30 00:00:00.000
281,139397894,adventure-works\shu0,Sales Representative,1962-04-10,M,2005-07-01,26,33,Sales,Sales and Marketing,Day,07:00:00.0000000,15:00:00.0000000,2005-07-01,NULL,2005-06-30 00:00:00.000
282,399771412,adventure-works\josé1,Sales Representative,1958-01-11,M,2005-07-01,31,35,Sales,Sales and Marketing,Day,07:00:00.0000000,15:00:00.0000000,2005-07-01,NULL,2005-06-30 00:00:00.000
283,987554265,adventure-works\david8,Sales Representative,1968-03-14,M,2005-07-01,23,31,Sales,Sales and Marketing,Day,07:00:00.0000000,15:00:00.0000000,2005-07-01,NULL,2005-06-30 00:00:00.000
284,90836195,adventure-works\tete0,Sales Representative,1972-02-06,M,2006-11-01,39,39,Sales,Sales and Marketing,Day,07:00:00.0000000,15:00:00.0000000,2006-11-01,NULL,2006-10-31 00:00:00.000
285,481044938,adventure-works\syed0,Pacific Sales Manager,1969-02-11,M,2007-04-15,20,30,Sales,Sales and Marketing,Day,07:00:00.0000000,15:00:00.0000000,2007-04-15,NULL,2007-04-14 00:00:00.000
286,758596752,adventure-works\lynn0,Sales Representative,1965-04-18,F,2007-07-01,36,38,Sales,Sales and Marketing,Day,07:00:00.0000000,15:00:00.0000000,2007-07-01,NULL,2007-06-30 00:00:00.000
287,982310417,adventure-works\amy0,European Sales Manager,1951-10-22,F,2006-05-18,21,30,Sales,Sales and Marketing,Day,07:00:00.0000000,15:00:00.0000000,2006-05-18,NULL,2006-05-17 00:00:00.000
288,954276278,adventure-works\rachel0,Sales Representative,1969-08-09,F,2007-07-01,35,37,Sales,Sales and Marketing,Day,07:00:00.0000000,15:00:00.0000000,2007-07-01,NULL,2007-06-30 00:00:00.000
289,668991357,adventure-works\jae0,Sales Representative,1962-04-18,F,2006-07-01,37,38,Sales,Sales and Marketing,Day,07:00:00.0000000,15:00:00.0000000,2006-07-01,NULL,2006-06-30 00:00:00.000
290,134219713,adventure-works\ranjit0,Sales Representative,1969-10-31,M,2006-07-01,34,37,Sales,Sales and Marketing,Day,07:00:00.0000000,15:00:00.0000000,2006-07-01,NULL,2006-06-30 00:00:00.000
